risk gene,clearance gene,correlation,t
AAAS,LAMP_avg,0.219730929834903,20000
AACS,LAMP_avg,0.443881507712627,288
AAGAB,LAMP_avg,0.44596369210682,315
AADACL3,LAMP_avg,0.456577978088723,695
AADAT,LAMP_avg,0.468445259052961,516
A4GALT,LAMP_avg,0.4862507224483,527
A2M,LAMP_avg,0.492559682177505,624
A2ML1,LAMP_avg,0.493600141170044,735
AAED1,LAMP_avg,0.503661488081375,928
A1BG,LAMP_avg,0.511985252705798,1382
